from,to,count,share
car,pt,6204,0.0485184055556859
car,bike,4050,0.031673040377261104
pt,bike,1065,0.008328836543650141
walk,bike,826,0.006459736136201894
walk,pt,149,0.0011652550657313345
